<?xml version="1.0" encoding="UTF-8"?>
<project-private xmlns="http://www.netbeans.org/ns/project-private/1">
    <editor-bookmarks xmlns="http://www.netbeans.org/ns/editor-bookmarks/2" lastBookmarkId="0"/>
    <open-files xmlns="http://www.netbeans.org/ns/projectui-open-files/2">
        <group>
            <file>file:/D:/Assignment3/PRJ321x_Project_3_hieudvfx12877@funix.edu.vn/web/list.jsp</file>
            <file>file:/D:/Assignment3/PRJ321x_Project_3_hieudvfx12877@funix.edu.vn/src/java/dao/ListProductDAO.java</file>
            <file>file:/D:/Assignment3/PRJ321x_Project_3_hieudvfx12877@funix.edu.vn/web/search.jsp</file>
            <file>file:/D:/Assignment3/PRJ321x_Project_3_hieudvfx12877@funix.edu.vn/web/header.jsp</file>
            <file>file:/D:/Assignment3/PRJ321x_Project_3_hieudvfx12877@funix.edu.vn/src/java/controller/product/SearchController2.java</file>
            <file>file:/D:/Assignment3/PRJ321x_Project_3_hieudvfx12877@funix.edu.vn/src/java/controller/product/ListController.java</file>
        </group>
    </open-files>
</project-private>
